交易 #,类型,日期/时间,信号,价格 USDT,仓位大小（数量）,仓位大小（价值）,净损益 USDT,净损益 %,最大交易获利 USDT,最大交易获利 %,交易亏损 USDT,交易亏损 %,累计P&L USDT,累计P&L %
1,多头出场,2020-09-04 04:00,平多,3.51,2304.147,9999.99798,-1921.49,-19.21,1400.53,14.00,-1986.57,-19.86,-1921.49,-19.21
1,多头进场,2020-08-31 08:00,开多,4.34,2304.147,9999.99798,-1921.49,-19.21,1400.53,14.00,-1986.57,-19.86,-1921.49,-19.21
2,空头出场,2020-09-09 20:00,平空-EMA,3.46,4032.258,9999.99984,-3963.59,-39.62,922.42,9.22,-5650.16,-56.47,-5885.07,-58.85
2,空头进场,2020-09-05 16:00,开空,2.48,4032.258,9999.99984,-3963.59,-39.62,922.42,9.22,-5650.16,-56.47,-5885.07,-58.85
3,空头出场,2020-09-25 00:00,平空-EMA,3.16,3412.969,9999.99917,-795.38,-7.95,1940.39,19.39,-1097.15,-10.97,-6680.45,-66.80
3,空头进场,2020-09-16 04:00,开空,2.93,3412.969,9999.99917,-795.38,-7.95,1940.39,19.39,-1097.15,-10.97,-6680.45,-66.80
4,空头出场,2020-10-04 20:00,平空-止盈,2.46,3460.207,9999.99823,1478.63,14.78,1621.3,16.20,-351.02,-3.51,-5201.82,-52.02
4,空头进场,2020-09-30 00:00,开空,2.89,3460.207,9999.99823,1478.63,14.78,1621.3,16.20,-351.02,-3.51,-5201.82,-52.02
5,多头出场,2020-11-13 00:00,平多,1.87,5263.157,9999.9983,-167.82,-1.68,3152.89,31.51,-373.42,-3.73,-5369.63,-53.70
5,多头进场,2020-11-07 04:00,开多,1.9,5263.157,9999.9983,-167.82,-1.68,3152.89,31.51,-373.42,-3.73,-5369.63,-53.70
6,多头出场,2020-11-26 08:00,平多,1.94,4761.904,9999.9984,-771.52,-7.71,1947.38,19.46,-1528.81,-15.28,-6141.16,-61.41
6,多头进场,2020-11-15 12:00,开多,2.1,4761.904,9999.9984,-771.52,-7.71,1947.38,19.46,-1528.81,-15.28,-6141.16,-61.41
7,空头出场,2020-12-01 12:00,平空-EMA,2.12,5464.48,9999.9984,-1595.49,-15.95,596.09,5.96,-1698.99,-16.98,-7736.65,-77.37
7,空头进场,2020-11-26 12:00,开空,1.83,5464.48,9999.9984,-1595.49,-15.95,596.09,5.96,-1698.99,-16.98,-7736.65,-77.37
8,多头出场,2020-12-04 08:00,平多,2.01,4587.155,9999.9979,-789.43,-7.89,224.36,2.24,-784.82,-7.84,-8526.07,-85.26
8,多头进场,2020-12-03 12:00,开多,2.18,4587.155,9999.9979,-789.43,-7.89,224.36,2.24,-784.82,-7.84,-8526.07,-85.26
9,空头出场,2020-12-09 12:00,平空-止盈,1.55,5405.405,9999.99925,1612.43,16.12,1616.62,16.16,-761.76,-7.61,-6913.64,-69.14
9,空头进场,2020-12-05 04:00,开空,1.85,5405.405,9999.99925,1612.43,16.12,1616.62,16.16,-761.76,-7.61,-6913.64,-69.14
10,空头出场,2020-12-23 16:00,平空-止盈,1.32,6097.56,9999.9984,1942.19,19.41,2129.15,21.28,-797.68,-7.97,-4971.45,-49.71
10,空头进场,2020-12-18 20:00,开空,1.64,6097.56,9999.9984,1942.19,19.41,2129.15,21.28,-797.68,-7.97,-4971.45,-49.71
11,多头出场,2021-01-22 04:00,平多,2.99,5780.346,9999.99858,7269.59,72.66,14099.04,140.92,-120.61,-1.21,2298.15,22.98
11,多头进场,2021-01-02 00:00,开多,1.73,5780.346,9999.99858,7269.59,72.66,14099.04,140.92,-120.61,-1.21,2298.15,22.98
12,多头出场,2021-03-06 16:00,平多,12.08,2923.976,9999.99792,25298.97,252.86,43240.61,432.19,-34.24,-0.34,27597.12,275.97
12,多头进场,2021-01-23 08:00,开多,3.42,2923.976,9999.99792,25298.97,252.86,43240.61,432.19,-34.24,-0.34,27597.12,275.97
13,多头出场,2021-03-16 08:00,平多,13.5,733.675,9999.99025,-105.33,-1.05,2100.65,21.00,-467.22,-4.67,27491.79,274.92
13,多头进场,2021-03-07 16:00,开多,13.63,733.675,9999.99025,-105.33,-1.05,2100.65,21.00,-467.22,-4.67,27491.79,274.92
14,多头出场,2021-03-21 16:00,平多,13.73,698.812,9999.99972,-415.11,-4.15,463.2,4.63,-445.25,-4.45,27076.68,270.77
14,多头进场,2021-03-19 00:00,开多,14.31,698.812,9999.99972,-415.11,-4.15,463.2,4.63,-445.25,-4.45,27076.68,270.77
15,多头出场,2021-03-25 04:00,平多,13.6,697.35,9999.999,-525.78,-5.26,1564.04,15.63,-534.99,-5.35,26550.9,265.51
15,多头进场,2021-03-22 04:00,开多,14.34,697.35,9999.999,-525.78,-5.26,1564.04,15.63,-534.99,-5.35,26550.9,265.51
16,空头出场,2021-03-26 12:00,平空-EMA,14.01,762.776,9999.99336,-696.84,-6.96,612.85,6.13,-775.4,-7.75,25854.06,258.54
16,空头进场,2021-03-25 16:00,开空,13.11,762.776,9999.99336,-696.84,-6.96,612.85,6.13,-775.4,-7.75,25854.06,258.54
17,多头出场,2021-04-18 08:00,平多,22.02,623.83,9999.9949,3724.87,37.23,8666.24,86.62,-410.49,-4.10,29578.93,295.79
17,多头进场,2021-03-27 12:00,开多,16.03,623.83,9999.9949,3724.87,37.23,8666.24,86.62,-410.49,-4.10,29578.93,295.79
18,多头出场,2021-05-11 08:00,平多,40.4,367.107,9999.99468,4818.71,48.16,8346.69,83.43,-867.7,-8.67,34397.64,343.98
18,多头进场,2021-04-18 12:00,开多,27.24,367.107,9999.99468,4818.71,48.16,8346.69,83.43,-867.7,-8.67,34397.64,343.98
19,多头出场,2021-05-13 16:00,平多,41.58,224.517,9999.98718,-674.24,-6.74,1050.23,10.50,-1024.31,-10.24,33723.41,337.23
19,多头进场,2021-05-12 04:00,开多,44.54,224.517,9999.98718,-674.24,-6.74,1050.23,10.50,-1024.31,-10.24,33723.41,337.23
20,多头出场,2021-05-19 16:00,平多,43.97,210.039,9999.95679,-774.16,-7.74,2257.12,22.56,-1897.45,-18.97,32949.25,329.49
20,多头进场,2021-05-16 08:00,开多,47.61,210.039,9999.95679,-774.16,-7.74,2257.12,22.56,-1897.45,-18.97,32949.25,329.49
21,空头出场,2021-06-03 08:00,平空-EMA,35.53,284.495,9999.99925,-118.16,-1.18,4555.46,45.53,-909.69,-9.09,32831.08,328.31
21,空头进场,2021-05-22 12:00,开空,35.15,284.495,9999.99925,-118.16,-1.18,4555.46,45.53,-909.69,-9.09,32831.08,328.31
22,多头出场,2021-06-08 12:00,平多,36.8,259.807,9999.97143,-448.85,-4.49,1478.5,14.78,-1122.17,-11.22,32382.23,323.82
22,多头进场,2021-06-03 20:00,开多,38.49,259.807,9999.97143,-448.85,-4.49,1478.5,14.78,-1122.17,-11.22,32382.23,323.82
23,多头出场,2021-06-11 20:00,平多,37.8,243.013,9999.98495,-823.69,-8.23,687.59,6.87,-831.24,-8.31,31558.54,315.59
23,多头进场,2021-06-09 00:00,开多,41.15,243.013,9999.98495,-823.69,-8.23,687.59,6.87,-831.24,-8.31,31558.54,315.59
24,多头出场,2021-06-18 16:00,平多,38.22,246.609,9999.99495,-584.31,-5.84,290.93,2.91,-769.49,-7.69,30974.23,309.74
24,多头进场,2021-06-15 08:00,开多,40.55,246.609,9999.99495,-584.31,-5.84,290.93,2.91,-769.49,-7.69,30974.23,309.74
25,空头出场,2021-06-22 16:00,平空-止盈,22.04,281.293,9999.96615,3792.17,37.90,3803.71,38.02,-502.89,-5.03,34766.4,347.66
25,空头进场,2021-06-18 20:00,开空,35.55,281.293,9999.96615,3792.17,37.90,3803.71,38.02,-502.89,-5.03,34766.4,347.66
26,多头出场,2021-07-09 04:00,平多,33.14,270.635,9999.96325,-1040.6,-10.40,306.23,3.06,-1168.73,-11.68,33725.8,337.26
26,多头进场,2021-07-07 16:00,开多,36.95,270.635,9999.96325,-1040.6,-10.40,306.23,3.06,-1168.73,-11.68,33725.8,337.26
27,空头出场,2021-07-19 12:00,平空-止盈,25.72,315.556,9999.96964,1874.81,18.74,1916.74,19.16,-323.71,-3.24,35600.61,356.01
27,空头进场,2021-07-11 04:00,开空,31.69,315.556,9999.96964,1874.81,18.74,1916.74,19.16,-323.71,-3.24,35600.61,356.01
28,多头出场,2021-09-17 12:00,平多,143.48,318.775,9999.97175,35710,356.92,58850.43,588.21,-470.41,-4.70,71310.6,713.11
28,多头进场,2021-07-30 00:00,开多,31.37,318.775,9999.97175,35710,356.92,58850.43,588.21,-470.41,-4.70,71310.6,713.11
29,多头出场,2021-09-20 08:00,平多,145.12,62.146,9999.91286,-990.79,-9.90,651.26,6.51,-1139.16,-11.39,70319.81,703.20
29,多头进场,2021-09-18 16:00,开多,160.91,62.146,9999.91286,-990.79,-9.90,651.26,6.51,-1139.16,-11.39,70319.81,703.20
30,空头出场,2021-09-23 00:00,平空-EMA,146.39,75.318,9999.97086,-1036.34,-10.36,1258.08,12.57,-1405.16,-14.04,69283.47,692.83
30,空头进场,2021-09-21 04:00,开空,132.77,75.318,9999.97086,-1036.34,-10.36,1258.08,12.57,-1405.16,-14.04,69283.47,692.83
31,空头出场,2021-09-27 16:00,平空-EMA,147.38,76.318,9999.94754,-1258.42,-12.58,470.46,4.70,-1370.33,-13.70,68025.04,680.25
31,空头进场,2021-09-26 08:00,开空,131.03,76.318,9999.94754,-1258.42,-12.58,470.46,4.70,-1370.33,-13.70,68025.04,680.25
32,空头出场,2021-10-01 12:00,平空-EMA,142.78,76.669,9999.93767,-957.34,-9.57,168.27,1.68,-1119,-11.18,67067.7,670.68
32,空头进场,2021-09-28 20:00,开空,130.43,76.669,9999.93767,-957.34,-9.57,168.27,1.68,-1119,-11.18,67067.7,670.68
33,多头出场,2021-10-11 04:00,平多,147.55,65.248,9999.90848,-382.38,-3.82,1595.53,15.95,-508.06,-5.08,66685.33,666.85
33,多头进场,2021-10-01 16:00,开多,153.26,65.248,9999.90848,-382.38,-3.82,1595.53,15.95,-508.06,-5.08,66685.33,666.85
34,空头出场,2021-10-13 04:00,平空-EMA,152.32,70.631,9999.93698,-768.96,-7.69,275.41,2.75,-846.92,-8.47,65916.37,659.16
34,空头进场,2021-10-12 00:00,开空,141.58,70.631,9999.93698,-768.96,-7.69,275.41,2.75,-846.92,-8.47,65916.37,659.16
35,多头出场,2021-11-16 16:00,平多,224.93,61.892,9999.89044,3909.52,39.08,6080.84,60.78,-531.7,-5.31,69825.89,698.26
35,多头进场,2021-10-15 12:00,开多,161.57,61.892,9999.89044,3909.52,39.08,6080.84,60.78,-531.7,-5.31,69825.89,698.26
36,空头出场,2021-11-22 00:00,平空-EMA,228.84,47.061,9999.99189,-779.83,-7.79,1218.12,12.18,-986.69,-9.86,69046.05,690.46
36,空头进场,2021-11-17 08:00,开空,212.49,47.061,9999.99189,-779.83,-7.79,1218.12,12.18,-986.69,-9.86,69046.05,690.46
37,空头出场,2021-11-30 20:00,平空-EMA,213.03,49.492,9999.8586,-553.69,-5.53,1040.27,10.40,-808.26,-8.08,68492.36,684.92
37,空头进场,2021-11-25 00:00,开空,202.05,49.492,9999.8586,-553.69,-5.53,1040.27,10.40,-808.26,-8.08,68492.36,684.92
38,多头出场,2021-12-04 00:00,平多,212.75,43.571,9999.98021,-739.88,-7.40,588,5.88,-818.03,-8.18,67752.48,677.52
38,多头进场,2021-12-01 20:00,开多,229.51,43.571,9999.98021,-739.88,-7.40,588,5.88,-818.03,-8.18,67752.48,677.52
39,空头出场,2021-12-13 12:00,平空-止盈,164.09,50.996,9999.80564,1622.69,16.22,1767.62,17.67,-740.87,-7.41,69375.16,693.75
39,空头进场,2021-12-04 08:00,开空,196.09,50.996,9999.80564,1622.69,16.22,1767.62,17.67,-740.87,-7.41,69375.16,693.75
40,空头出场,2021-12-19 12:00,平空-EMA,187.16,57.421,9999.86715,-757.42,-7.57,56.44,0.56,-882.39,-8.82,68617.74,686.18
40,空头进场,2021-12-18 08:00,开空,174.15,57.421,9999.86715,-757.42,-7.57,56.44,0.56,-882.39,-8.82,68617.74,686.18
41,空头出场,2021-12-22 12:00,平空-EMA,186.28,57.028,9999.8598,-633.63,-6.33,386.21,3.86,-687.05,-6.87,67984.12,679.84
41,空头进场,2021-12-20 12:00,开空,175.35,57.028,9999.8598,-633.63,-6.33,386.21,3.86,-687.05,-6.87,67984.12,679.84
42,多头出场,2021-12-28 20:00,平多,185.58,51.163,9999.80835,-514.73,-5.14,470.82,4.71,-539.65,-5.39,67469.39,674.69
42,多头进场,2021-12-24 20:00,开多,195.45,51.163,9999.80835,-514.73,-5.14,470.82,4.71,-539.65,-5.39,67469.39,674.69
43,空头出场,2022-01-06 00:00,平空-止盈,158.65,56.395,9999.9614,1043.42,10.43,1111.06,11.11,-191.1,-1.91,68512.81,685.13
43,空头进场,2021-12-29 04:00,开空,177.32,56.395,9999.9614,1043.42,10.43,1111.06,11.11,-191.1,-1.91,68512.81,685.13
44,多头出场,2022-02-08 20:00,平多,112.03,83.892,9999.9264,-611.2,-6.11,224.03,2.24,-773.45,-7.73,67901.61,679.02
44,多头进场,2022-02-07 08:00,开多,119.2,83.892,9999.9264,-611.2,-6.11,224.03,2.24,-773.45,-7.73,67901.61,679.02
45,空头出场,2022-02-28 20:00,平空-EMA,95.59,95.538,9999.96246,857.92,8.57,2796.17,27.95,-336.52,-3.36,68759.52,687.60
45,空头进场,2022-02-11 08:00,开空,104.67,95.538,9999.96246,857.92,8.57,2796.17,27.95,-336.52,-3.36,68759.52,687.60
46,多头出场,2022-03-04 00:00,平多,94.96,95.932,9999.95168,-899.8,-8.99,205.09,2.05,-987.34,-9.87,67859.72,678.60
46,多头进场,2022-03-02 08:00,开多,104.24,95.932,9999.95168,-899.8,-8.99,205.09,2.05,-987.34,-9.87,67859.72,678.60
47,空头出场,2022-03-17 04:00,平空-EMA,87.77,112.739,9999.9493,94.9,0.95,1240.77,12.40,-289.1,-2.89,67954.63,679.55
47,空头进场,2022-03-05 00:00,开空,88.7,112.739,9999.9493,94.9,0.95,1240.77,12.40,-289.1,-2.89,67954.63,679.55
48,多头出场,2022-03-18 08:00,平多,85.91,110.12,9999.9972,-549.32,-5.49,15.92,0.16,-577.62,-5.77,67405.3,674.05
48,多头进场,2022-03-18 00:00,开多,90.81,110.12,9999.9972,-549.32,-5.49,15.92,0.16,-577.62,-5.77,67405.3,674.05
49,多头出场,2022-04-07 04:00,平多,112.95,109.745,9999.9644,2384.54,23.83,5744.54,57.42,-485.68,-4.85,69789.84,697.90
49,多头进场,2022-03-19 00:00,开多,91.12,109.745,9999.9644,2384.54,23.83,5744.54,57.42,-485.68,-4.85,69789.84,697.90
50,多头出场,2022-04-09 00:00,平多,113.57,81.913,9999.93904,-706.73,-7.06,17.94,0.18,-771.71,-7.71,69083.11,690.83
50,多头进场,2022-04-08 08:00,开多,122.08,81.913,9999.93904,-706.73,-7.06,17.94,0.18,-771.71,-7.71,69083.11,690.83
51,空头出场,2022-04-20 04:00,平空-EMA,108.51,96.218,9999.93674,-450.9,-4.51,890.79,8.90,-527.46,-5.27,68632.21,686.32
51,空头进场,2022-04-11 16:00,开空,103.93,96.218,9999.93674,-450.9,-4.51,890.79,8.90,-527.46,-5.27,68632.21,686.32
52,空头出场,2022-05-01 04:00,平空-止盈,84.63,98.251,9999.98678,1675.85,16.75,1947.25,19.46,-178.9,-1.79,70308.05,703.08
52,空头进场,2022-04-22 04:00,开空,101.78,98.251,9999.98678,1675.85,16.75,1947.25,19.46,-178.9,-1.79,70308.05,703.08
53,多头出场,2022-06-28 20:00,平多,37.05,248.262,9999.99336,-811.49,-8.11,650.41,6.50,-819.3,-8.19,69496.57,694.97
53,多头进场,2022-06-24 16:00,开多,40.28,248.262,9999.99336,-811.49,-8.11,650.41,6.50,-819.3,-8.19,69496.57,694.97
54,空头出场,2022-07-05 04:00,平空-EMA,36.71,285.959,9999.98623,-507.82,-5.08,1153.13,11.53,-568.34,-5.68,68988.75,689.89
54,空头进场,2022-06-29 16:00,开空,34.97,285.959,9999.98623,-507.82,-5.08,1153.13,11.53,-568.34,-5.68,68988.75,689.89
55,多头出场,2022-07-11 08:00,平多,35.81,261.164,9999.96956,-657.36,-6.57,368.46,3.68,-772.82,-7.72,68331.39,683.31
55,多头进场,2022-07-07 20:00,开多,38.29,261.164,9999.96956,-657.36,-6.57,368.46,3.68,-772.82,-7.72,68331.39,683.31
56,空头出场,2022-07-15 00:00,平空-EMA,36.36,299.222,9999.99924,-890.15,-8.90,473.76,4.74,-1136.06,-11.35,67441.23,674.41
56,空头进场,2022-07-12 04:00,开空,33.42,299.222,9999.99924,-890.15,-8.90,473.76,4.74,-1136.06,-11.35,67441.23,674.41
57,多头出场,2022-07-25 08:00,平多,38.09,265.181,9999.97551,90.72,0.91,2554,25.53,-365.65,-3.65,67531.95,675.32
57,多头进场,2022-07-15 16:00,开多,37.71,265.181,9999.97551,90.72,0.91,2554,25.53,-365.65,-3.65,67531.95,675.32
58,空头出场,2022-07-28 00:00,平空-EMA,39.38,272.851,9999.98915,-755.26,-7.55,535.25,5.35,-1011.82,-10.11,66776.7,667.77
58,空头进场,2022-07-26 04:00,开空,36.65,272.851,9999.98915,-755.26,-7.55,535.25,5.35,-1011.82,-10.11,66776.7,667.77
59,多头出场,2022-08-02 08:00,平多,40.24,238.492,9999.96956,-412.85,-4.13,1120.68,11.20,-472.44,-4.72,66363.85,663.64
59,多头进场,2022-07-28 20:00,开多,41.93,238.492,9999.96956,-412.85,-4.13,1120.68,11.20,-472.44,-4.72,66363.85,663.64
60,多头出场,2022-08-09 20:00,平多,40.14,238.492,9999.96956,-436.69,-4.36,419.52,4.19,-529.68,-5.29,65927.16,659.27
60,多头进场,2022-08-08 08:00,开多,41.93,238.492,9999.96956,-436.69,-4.36,419.52,4.19,-529.68,-5.29,65927.16,659.27
61,多头出场,2022-08-17 20:00,平多,41.11,237.642,9999.97536,-240.4,-2.40,1492.14,14.91,-318.69,-3.19,65686.77,656.87
61,多头进场,2022-08-10 20:00,开多,42.08,237.642,9999.97536,-240.4,-2.40,1492.14,14.91,-318.69,-3.19,65686.77,656.87
62,空头出场,2022-08-21 00:00,平空-止盈,34.44,253.036,9999.98272,1276.07,12.75,1293.07,12.92,-22.71,-0.23,66962.83,669.63
62,空头进场,2022-08-19 04:00,开空,39.52,253.036,9999.98272,1276.07,12.75,1293.07,12.92,-22.71,-0.23,66962.83,669.63
63,多头出场,2022-09-14 00:00,平多,34.09,282.645,9999.9801,-374.43,-3.74,1021,10.20,-592.9,-5.93,66588.4,665.88
63,多头进场,2022-09-09 12:00,开多,35.38,282.645,9999.9801,-374.43,-3.74,1021,10.20,-592.9,-5.93,66588.4,665.88
64,空头出场,2022-09-24 04:00,平空-EMA,33.66,309.885,9999.98895,-440.96,-4.41,695.34,6.95,-538,-5.38,66147.45,661.47
64,空头进场,2022-09-16 20:00,开空,32.27,309.885,9999.98895,-440.96,-4.41,695.34,6.95,-538,-5.38,66147.45,661.47
65,多头出场,2022-09-28 00:00,平多,32.61,287.935,9999.98255,-620.12,-6.20,190.8,1.91,-768.03,-7.68,65527.33,655.27
65,多头进场,2022-09-27 08:00,开多,34.73,287.935,9999.98255,-620.12,-6.20,190.8,1.91,-768.03,-7.68,65527.33,655.27
66,空头出场,2022-10-04 12:00,平空-EMA,33.73,311.915,9999.9949,-531.16,-5.31,97.93,0.98,-544.61,-5.44,64996.17,649.96
66,空头进场,2022-10-03 04:00,开空,32.06,311.915,9999.9949,-531.16,-5.31,97.93,0.98,-544.61,-5.44,64996.17,649.96
67,多头出场,2022-10-07 12:00,平多,33.33,291.375,9999.99,-298.32,-2.98,35.79,0.36,-348.82,-3.49,64697.86,646.98
67,多头进场,2022-10-06 08:00,开多,34.32,291.375,9999.99,-298.32,-2.98,35.79,0.36,-348.82,-3.49,64697.86,646.98
68,空头出场,2022-10-13 12:00,平空-止盈,29.72,306.936,9999.97488,868.28,8.68,998.68,9.98,-275.1,-2.75,65566.13,655.66
68,空头进场,2022-10-09 04:00,开空,32.58,306.936,9999.97488,868.28,8.68,998.68,9.98,-275.1,-2.75,65566.13,655.66
69,多头出场,2022-10-28 12:00,平多,30.22,317.46,9999.99,-416.15,-4.16,268.02,2.68,-446.27,-4.46,65149.98,651.50
69,多头进场,2022-10-26 00:00,开多,31.5,317.46,9999.99,-416.15,-4.16,268.02,2.68,-446.27,-4.46,65149.98,651.50
70,多头出场,2022-11-03 00:00,平多,30.91,312.402,9999.98802,-353.47,-3.53,738.52,7.38,-373.63,-3.73,64796.52,647.97
70,多头进场,2022-10-29 00:00,开多,32.01,312.402,9999.98802,-353.47,-3.53,738.52,7.38,-373.63,-3.73,64796.52,647.97
71,多头出场,2022-11-07 12:00,平多,30.78,301.841,9999.99233,-718.97,-7.19,1703.42,17.03,-738.47,-7.38,64077.54,640.78
71,多头进场,2022-11-04 20:00,开多,33.13,301.841,9999.99233,-718.97,-7.19,1703.42,17.03,-738.47,-7.38,64077.54,640.78
72,空头出场,2022-11-09 20:00,平空-止盈,16.07,337.609,9999.97858,4566.89,45.65,4684.39,46.82,-713.98,-7.14,68644.43,686.44
72,空头进场,2022-11-08 04:00,开空,29.62,337.609,9999.97858,4566.89,45.65,4684.39,46.82,-713.98,-7.14,68644.43,686.44
73,空头出场,2022-12-19 20:00,平空-止盈,12.17,740.74,9999.99,975.68,9.75,1165.37,11.65,-5,-0.05,69620.11,696.20
73,空头进场,2022-12-16 16:00,开空,13.5,740.74,9999.99,975.68,9.75,1165.37,11.65,-5,-0.05,69620.11,696.20
74,多头出场,2023-02-07 04:00,平多,22.66,763.941,9999.98769,7297.26,72.94,10468.63,104.63,-310.58,-3.10,76917.37,769.17
74,多头进场,2023-01-03 20:00,开多,13.09,763.941,9999.98769,7297.26,72.94,10468.63,104.63,-310.58,-3.10,76917.37,769.17
75,空头出场,2023-02-15 20:00,平空-EMA,22.43,458.715,9999.987,-299.13,-2.99,967.48,9.67,-440.78,-4.41,76618.23,766.18
75,空头进场,2023-02-10 00:00,开空,21.8,458.715,9999.987,-299.13,-2.99,967.48,9.67,-440.78,-4.41,76618.23,766.18
76,多头出场,2023-02-17 04:00,平多,22.24,419.111,9999.98846,-688.62,-6.88,137.5,1.37,-700.72,-7.00,75929.61,759.30
76,多头进场,2023-02-16 04:00,开多,23.86,419.111,9999.98846,-688.62,-6.88,137.5,1.37,-700.72,-7.00,75929.61,759.30
77,多头出场,2023-02-24 20:00,平多,23.05,426.257,9999.98922,-184.68,-1.85,1555.1,15.54,-333.22,-3.33,75744.94,757.45
77,多头进场,2023-02-18 00:00,开多,23.46,426.257,9999.98922,-184.68,-1.85,1555.1,15.54,-333.22,-3.33,75744.94,757.45
78,空头出场,2023-02-27 00:00,平空-EMA,23.37,456.204,9999.99168,-671.83,-6.71,227.66,2.28,-680.18,-6.80,75073.11,750.73
78,空头进场,2023-02-26 00:00,开空,21.92,456.204,9999.99168,-671.83,-6.71,227.66,2.28,-680.18,-6.80,75073.11,750.73
79,空头出场,2023-03-08 12:00,平空-止盈,19.19,452.898,9999.98784,1299.53,12.99,1331.05,13.30,-380.91,-3.81,76372.64,763.73
79,空头进场,2023-02-28 12:00,开空,22.08,452.898,9999.98784,1299.53,12.99,1331.05,13.30,-380.91,-3.81,76372.64,763.73
80,多头出场,2023-03-15 20:00,平多,19.24,456.412,9999.98692,-1228.01,-12.27,36.08,0.36,-1301.21,-13.01,75144.63,751.45
80,多头进场,2023-03-14 20:00,开多,21.91,456.412,9999.98692,-1228.01,-12.27,36.08,0.36,-1301.21,-13.01,75144.63,751.45
81,多头出场,2023-03-23 00:00,平多,21.1,441.696,9999.99744,-689.87,-6.90,555.95,5.56,-760.3,-7.60,74454.76,744.55
81,多头进场,2023-03-18 08:00,开多,22.64,441.696,9999.99744,-689.87,-6.90,555.95,5.56,-760.3,-7.60,74454.76,744.55
82,空头出场,2023-03-29 12:00,平空-EMA,21.2,496.524,9999.99336,-536.58,-5.36,397.18,3.97,-576,-5.76,73918.18,739.18
82,空头进场,2023-03-26 00:00,开空,20.14,496.524,9999.99336,-536.58,-5.36,397.18,3.97,-576,-5.76,73918.18,739.18
83,空头出场,2023-04-04 00:00,平空-EMA,20.9,499.001,9999.98004,-439.36,-4.39,14.96,0.15,-464.08,-4.64,73478.82,734.79
83,空头进场,2023-04-03 08:00,开空,20.04,499.001,9999.98004,-439.36,-4.39,14.96,0.15,-464.08,-4.64,73478.82,734.79
84,空头出场,2023-04-11 00:00,平空-EMA,20.69,493.096,9999.98688,-212.27,-2.12,207.03,2.07,-231.82,-2.32,73266.55,732.67
84,空头进场,2023-04-07 12:00,开空,20.28,493.096,9999.98688,-212.27,-2.12,207.03,2.07,-231.82,-2.32,73266.55,732.67
85,多头出场,2023-04-20 04:00,平多,22.66,470.145,9999.98415,643.17,6.43,2218.79,22.18,-33.21,-0.33,73909.73,739.10
85,多头进场,2023-04-11 08:00,开多,21.27,470.145,9999.98415,643.17,6.43,2218.79,22.18,-33.21,-0.33,73909.73,739.10
86,空头出场,2023-04-26 16:00,平空-EMA,22.46,471.475,9999.98475,-599.64,-5.99,221.31,2.21,-679.21,-6.79,73310.09,733.10
86,空头进场,2023-04-22 00:00,开空,21.21,471.475,9999.98475,-599.64,-5.99,221.31,2.21,-679.21,-6.79,73310.09,733.10
87,空头出场,2023-04-27 20:00,平空-EMA,22.25,474.158,9999.99222,-560.3,-5.60,341.14,3.41,-654.6,-6.54,72749.79,727.50
87,空头进场,2023-04-27 00:00,开空,21.09,474.158,9999.99222,-560.3,-5.60,341.14,3.41,-654.6,-6.54,72749.79,727.50
88,多头出场,2023-05-01 08:00,平多,22.18,429,9999.99,-494.53,-4.94,286.72,2.87,-605.6,-6.05,72255.27,722.55
88,多头进场,2023-04-29 00:00,开多,23.31,429,9999.99,-494.53,-4.94,286.72,2.87,-605.6,-6.05,72255.27,722.55
89,空头出场,2023-05-05 20:00,平空-EMA,22.32,467.071,9999.99011,-435.25,-4.35,79.07,0.79,-509.44,-5.09,71820.02,718.20
89,空头进场,2023-05-03 16:00,开空,21.41,467.071,9999.99011,-435.25,-4.35,79.07,0.79,-509.44,-5.09,71820.02,718.20
90,空头出场,2023-05-22 04:00,平空-止盈,19.61,469.483,9999.9879,783.82,7.83,919.88,9.19,-108.29,-1.08,72603.84,726.04
90,空头进场,2023-05-08 08:00,开空,21.3,469.483,9999.9879,783.82,7.83,919.88,9.19,-108.29,-1.08,72603.84,726.04
91,多头出场,2023-06-02 04:00,平多,20.49,469.924,9999.98272,-381.05,-3.81,51.39,0.51,-432.63,-4.32,72222.78,722.23
91,多头进场,2023-05-30 16:00,开多,21.28,469.924,9999.98272,-381.05,-3.81,51.39,0.51,-432.63,-4.32,72222.78,722.23
92,多头出场,2023-06-05 20:00,平多,19.93,470.588,9999.995,-630.87,-6.31,489.12,4.89,-668.53,-6.68,71591.91,715.92
92,多头进场,2023-06-02 16:00,开多,21.25,470.588,9999.995,-630.87,-6.31,489.12,4.89,-668.53,-6.68,71591.91,715.92
93,空头出场,2023-06-10 08:00,平空-止盈,16.29,503.018,9999.99784,1796.74,17.96,1931.62,19.31,-417.47,-4.17,73388.66,733.89
93,空头进场,2023-06-06 16:00,开空,19.88,503.018,9999.99784,1796.74,17.96,1931.62,19.31,-417.47,-4.17,73388.66,733.89
94,空头出场,2023-06-29 16:00,平空-EMA,18.06,613.12,9999.9872,-1083.5,-10.83,430.32,4.30,-1212.85,-12.12,72305.16,723.05
94,空头进场,2023-06-27 00:00,开空,16.31,613.12,9999.9872,-1083.5,-10.83,430.32,4.30,-1212.85,-12.12,72305.16,723.05
95,多头出场,2023-07-24 16:00,平多,23.63,555.864,9999.99336,3123.51,31.22,7854.92,78.51,-549.75,-5.49,75428.66,754.29
95,多头进场,2023-06-30 04:00,开多,17.99,555.864,9999.99336,3123.51,31.22,7854.92,78.51,-549.75,-5.49,75428.66,754.29
96,多头出场,2023-07-31 20:00,平多,23.92,401.445,9999.99495,-407.23,-4.07,304.11,3.04,-583.08,-5.83,75021.43,750.21
96,多头进场,2023-07-26 20:00,开多,24.91,401.445,9999.99495,-407.23,-4.07,304.11,3.04,-583.08,-5.83,75021.43,750.21
97,空头出场,2023-08-08 20:00,平空-EMA,23.73,428.632,9999.98456,-181.54,-1.81,466.5,4.66,-416.49,-4.16,74839.89,748.40
97,空头进场,2023-08-01 16:00,开空,23.33,428.632,9999.98456,-181.54,-1.81,466.5,4.66,-416.49,-4.16,74839.89,748.40
98,多头出场,2023-08-16 00:00,平多,24.05,406.669,9999.99071,-229.49,-2.29,332.54,3.32,-346.6,-3.46,74610.41,746.10
98,多头进场,2023-08-09 00:00,开多,24.59,406.669,9999.99071,-229.49,-2.29,332.54,3.32,-346.6,-3.46,74610.41,746.10
99,空头出场,2023-08-21 20:00,平空-止盈,20.71,426.439,9999.99455,1159.03,11.58,1466.21,14.65,-86.02,-0.86,75769.43,757.69
99,空头进场,2023-08-16 12:00,开空,23.45,426.439,9999.99455,1159.03,11.58,1466.21,14.65,-86.02,-0.86,75769.43,757.69
100,多头出场,2023-09-22 04:00,平多,19.46,494.804,9999.98884,-380.92,-3.81,158.29,1.58,-460.22,-4.60,75388.52,753.89
100,多头进场,2023-09-19 16:00,开多,20.21,494.804,9999.98884,-380.92,-3.81,158.29,1.58,-460.22,-4.60,75388.52,753.89
101,空头出场,2023-09-28 20:00,平空-EMA,19.59,525.486,9999.99858,-304.42,-3.04,152.65,1.53,-315.04,-3.15,75084.09,750.84
101,空头进场,2023-09-27 04:00,开空,19.03,525.486,9999.99858,-304.42,-3.04,152.65,1.53,-315.04,-3.15,75084.09,750.84
102,多头出场,2023-10-12 08:00,平多,21.71,501.002,9999.99992,866.32,8.66,2419.85,24.19,-60.11,-0.60,75950.41,759.50
102,多头进场,2023-09-29 04:00,开多,19.96,501.002,9999.99992,866.32,8.66,2419.85,24.19,-60.11,-0.60,75950.41,759.50
103,空头出场,2023-10-14 04:00,平空-EMA,21.84,473.26,9999.9838,-346.18,-3.46,4.47,0.04,-525.59,-5.25,75604.23,756.04
103,空头进场,2023-10-13 08:00,开空,21.13,473.26,9999.9838,-346.18,-3.46,4.47,0.04,-525.59,-5.25,75604.23,756.04
104,多头出场,2023-11-27 20:00,平多,53.94,438.212,9999.99784,13620.34,136.14,19881.06,198.71,-92.64,-0.93,89224.56,892.25
104,多头进场,2023-10-16 12:00,开多,22.82,438.212,9999.99784,13620.34,136.14,19881.06,198.71,-92.64,-0.93,89224.56,892.25
105,多头出场,2024-01-06 12:00,平多,94.5,172.294,9999.94376,6268.7,62.66,11766.13,117.60,-87.7,-0.88,95493.27,954.93
105,多头进场,2023-11-29 00:00,开多,58.04,172.294,9999.94376,6268.7,62.66,11766.13,117.60,-87.7,-0.88,95493.27,954.93
106,空头出场,2024-01-09 00:00,平空-EMA,99.26,111.806,9999.92864,-1108.48,-11.08,473.53,4.73,-1182.32,-11.82,94384.78,943.85
106,空头进场,2024-01-08 04:00,开空,89.44,111.806,9999.92864,-1108.48,-11.08,473.53,4.73,-1182.32,-11.82,94384.78,943.85
107,多头出场,2024-01-12 20:00,平多,95.32,95.757,9999.90351,-881.91,-8.81,271.74,2.72,-907.99,-9.08,93502.87,935.03
107,多头进场,2024-01-11 16:00,开多,104.43,95.757,9999.90351,-881.91,-8.81,271.74,2.72,-907.99,-9.08,93502.87,935.03
108,多头出场,2024-01-19 00:00,平多,92.36,98.019,9999.89838,-956.39,-9.56,148.89,1.49,-1044.98,-10.44,92546.48,925.46
108,多头进场,2024-01-17 16:00,开多,102.02,98.019,9999.89838,-956.39,-9.56,148.89,1.49,-1044.98,-10.44,92546.48,925.46
109,空头出场,2024-01-27 00:00,平空-EMA,92.84,109.649,9999.9888,-189.91,-1.90,1332.72,13.32,-416.18,-4.16,92356.56,923.57
109,空头进场,2024-01-19 20:00,开空,91.2,109.649,9999.9888,-189.91,-1.90,1332.72,13.32,-416.18,-4.16,92356.56,923.57
110,多头出场,2024-02-01 08:00,平多,93.6,103.466,9999.9889,-325.41,-3.25,1013.11,10.13,-347.47,-3.47,92031.15,920.31
110,多头进场,2024-01-28 08:00,开多,96.65,103.466,9999.9889,-325.41,-3.25,1013.11,10.13,-347.47,-3.47,92031.15,920.31
111,多头出场,2024-02-05 04:00,平多,95.49,98.804,9999.95284,-574.88,-5.75,129.37,1.29,-610.67,-6.10,91456.27,914.56
111,多头进场,2024-02-02 12:00,开多,101.21,98.804,9999.95284,-574.88,-5.75,129.37,1.29,-610.67,-6.10,91456.27,914.56
112,多头出场,2024-02-21 12:00,平多,104.85,98.872,9999.91408,356.63,3.56,1730.2,17.29,-67.29,-0.67,91812.91,918.13
112,多头进场,2024-02-08 04:00,开多,101.14,98.872,9999.91408,356.63,3.56,1730.2,17.29,-67.29,-0.67,91812.91,918.13
113,空头出场,2024-02-27 00:00,平空-EMA,109.69,99.71,9999.9159,-947.74,-9.47,175.48,1.75,-1000.11,-10.00,90865.16,908.65
113,空头进场,2024-02-23 20:00,开空,100.29,99.71,9999.9159,-947.74,-9.47,175.48,1.75,-1000.11,-10.00,90865.16,908.65
114,多头出场,2024-04-02 20:00,平多,177.43,90.991,9999.9109,6131.55,61.29,9119.58,91.15,-450.86,-4.51,96996.71,969.97
114,多头进场,2024-02-27 04:00,开多,109.9,90.991,9999.9109,6131.55,61.29,9119.58,91.15,-450.86,-4.51,96996.71,969.97
115,多头出场,2024-04-05 08:00,平多,179.42,52.759,9999.94086,-543.65,-5.43,106.85,1.07,-634.94,-6.35,96453.06,964.53
115,多头进场,2024-04-03 12:00,开多,189.54,52.759,9999.94086,-543.65,-5.43,106.85,1.07,-634.94,-6.35,96453.06,964.53
116,空头出场,2024-04-07 08:00,平空-EMA,180.65,58.906,9999.88256,-651.81,-6.51,108.1,1.08,-767.83,-7.67,95801.25,958.01
116,空头进场,2024-04-05 16:00,开空,169.76,58.906,9999.88256,-651.81,-6.51,108.1,1.08,-767.83,-7.67,95801.25,958.01
117,空头出场,2024-04-14 00:00,平空-止盈,133.73,57.981,9999.98307,2237.31,22.36,2457.45,24.56,-305.34,-3.05,98038.56,980.39
117,空头进场,2024-04-09 20:00,开空,172.47,57.981,9999.98307,2237.31,22.36,2457.45,24.56,-305.34,-3.05,98038.56,980.39
118,空头出场,2024-04-30 16:00,平空-止盈,128.78,67.668,9999.97704,1276.33,12.76,1315.88,13.15,-128.16,-1.28,99314.9,993.15
118,空头进场,2024-04-25 04:00,开空,147.78,67.668,9999.97704,1276.33,12.76,1315.88,13.15,-128.16,-1.28,99314.9,993.15
119,多头出场,2024-05-08 16:00,平多,145.39,64.939,9999.95661,-568.2,-5.68,332.68,3.33,-603.09,-6.03,98746.7,987.47
119,多头进场,2024-05-06 16:00,开多,153.99,64.939,9999.95661,-568.2,-5.68,332.68,3.33,-603.09,-6.03,98746.7,987.47
120,多头出场,2024-05-11 04:00,平多,146.01,64.964,9999.90852,-524.26,-5.24,113.23,1.13,-618.26,-6.18,98222.44,982.22
120,多头进场,2024-05-10 08:00,开多,153.93,64.964,9999.90852,-524.26,-5.24,113.23,1.13,-618.26,-6.18,98222.44,982.22
121,空头出场,2024-05-13 20:00,平空-EMA,147.26,71.362,9999.95706,-519.07,-5.19,162.7,1.63,-586.6,-5.86,97703.38,977.03
121,空头进场,2024-05-13 08:00,开空,140.13,71.362,9999.95706,-519.07,-5.19,162.7,1.63,-586.6,-5.86,97703.38,977.03
122,多头出场,2024-05-26 20:00,平多,162.85,64.549,9999.93108,501.62,5.01,2187.73,21.87,-48.25,-0.48,98204.99,982.05
122,多头进场,2024-05-16 00:00,开多,154.92,64.549,9999.93108,501.62,5.01,2187.73,21.87,-48.25,-0.48,98204.99,982.05
123,多头出场,2024-05-31 20:00,平多,164.81,58.465,9999.8536,-374.05,-3.74,163.96,1.64,-442.9,-4.43,97830.94,978.31
123,多头进场,2024-05-27 20:00,开多,171.04,58.465,9999.8536,-374.05,-3.74,163.96,1.64,-442.9,-4.43,97830.94,978.31
124,多头出场,2024-06-08 00:00,平多,162.01,59.007,9999.91629,-449.97,-4.50,356.71,3.57,-981.57,-9.81,97380.97,973.81
124,多头进场,2024-06-05 00:00,开多,169.47,59.007,9999.91629,-449.97,-4.50,356.71,3.57,-981.57,-9.81,97380.97,973.81
125,空头出场,2024-06-23 20:00,平空-止盈,131.58,62.313,9999.99024,1791.75,17.91,2022.04,20.21,-173.25,-1.73,99172.71,991.73
125,空头进场,2024-06-08 16:00,开空,160.48,62.313,9999.99024,1791.75,17.91,2022.04,20.21,-173.25,-1.73,99172.71,991.73
126,多头出场,2024-06-28 20:00,平多,143.23,66.795,9999.87945,-442.62,-4.42,70.48,0.70,-596.14,-5.96,98730.1,987.30
126,多头进场,2024-06-28 04:00,开多,149.71,66.795,9999.87945,-442.62,-4.42,70.48,0.70,-596.14,-5.96,98730.1,987.30
127,空头出场,2024-06-30 20:00,平空-EMA,143.83,72.306,9999.9198,-410.05,-4.10,82.49,0.82,-417.14,-4.17,98320.05,983.20
127,空头进场,2024-06-30 08:00,开空,138.3,72.306,9999.9198,-410.05,-4.10,82.49,0.82,-417.14,-4.17,98320.05,983.20
128,多头出场,2024-07-03 16:00,平多,144.07,67.43,9999.869,-295.09,-2.95,446.78,4.47,-377.89,-3.78,98024.96,980.25
128,多头进场,2024-07-01 12:00,开多,148.3,67.43,9999.869,-295.09,-2.95,446.78,4.47,-377.89,-3.78,98024.96,980.25
129,空头出场,2024-07-06 20:00,平空-EMA,141.88,72.95,9999.986,-360.34,-3.60,1168.04,11.67,-374.86,-3.75,97664.63,976.65
129,空头进场,2024-07-04 08:00,开空,137.08,72.95,9999.986,-360.34,-3.60,1168.04,11.67,-374.86,-3.75,97664.63,976.65
130,空头出场,2024-07-09 12:00,平空-EMA,142.12,75.964,9999.90096,-806.5,-8.06,288.98,2.89,-902.13,-9.02,96858.13,968.58
130,空头进场,2024-07-08 04:00,开空,131.64,75.964,9999.90096,-806.5,-8.06,288.98,2.89,-902.13,-9.02,96858.13,968.58
131,多头出场,2024-08-01 08:00,平多,168.62,68.54,9999.986,1546.45,15.46,3290.4,32.89,-94.79,-0.95,98404.57,984.05
131,多头进场,2024-07-14 20:00,开多,145.9,68.54,9999.986,1546.45,15.46,3290.4,32.89,-94.79,-0.95,98404.57,984.05
132,空头出场,2024-08-04 20:00,平空-止盈,135.19,61.474,9999.97558,1680.15,16.79,1695.99,16.95,-420.56,-4.20,100084.73,1000.85
132,空头进场,2024-08-01 20:00,开空,162.67,61.474,9999.97558,1680.15,16.79,1695.99,16.95,-420.56,-4.20,100084.73,1000.85
133,空头出场,2024-08-24 00:00,平空-EMA,149.7,67.235,9999.86155,-75.25,-0.75,844.18,8.44,-236.96,-2.37,100009.48,1000.09
133,空头进场,2024-08-11 20:00,开空,148.73,67.235,9999.86155,-75.25,-0.75,844.18,8.44,-236.96,-2.37,100009.48,1000.09
134,多头出场,2024-08-28 04:00,平多,146.79,65.248,9999.90848,-431.94,-4.32,584.84,5.85,-541.99,-5.42,99577.53,995.78
134,多头进场,2024-08-24 04:00,开多,153.26,65.248,9999.90848,-431.94,-4.32,584.84,5.85,-541.99,-5.42,99577.53,995.78
135,空头出场,2024-09-13 20:00,平空-EMA,136.59,69.458,9999.86826,502.86,5.03,1659.91,16.59,-322.42,-3.22,100080.39,1000.80
135,空头进场,2024-08-28 12:00,开空,143.97,69.458,9999.86826,502.86,5.03,1659.91,16.59,-322.42,-3.22,100080.39,1000.80
136,空头出场,2024-09-19 08:00,平空-EMA,138.01,76.12,9999.8844,-515.69,-5.15,322.32,3.22,-560.68,-5.60,99564.7,995.65
136,空头进场,2024-09-16 04:00,开空,131.37,76.12,9999.8844,-515.69,-5.15,322.32,3.22,-560.68,-5.60,99564.7,995.65
137,多头出场,2024-10-02 00:00,平多,145.42,71.694,9999.87912,415.65,4.15,1593.78,15.93,-8.58,-0.09,99980.34,999.80
137,多头进场,2024-09-19 16:00,开多,139.48,71.694,9999.87912,415.65,4.15,1593.78,15.93,-8.58,-0.09,99980.34,999.80
138,空头出场,2024-10-06 20:00,平空-EMA,146,71.438,9999.89124,-440.27,-4.40,485.78,4.86,-485.06,-4.85,99540.08,995.40
138,空头进场,2024-10-03 00:00,开空,139.98,71.438,9999.89124,-440.27,-4.40,485.78,4.86,-485.06,-4.85,99540.08,995.40
139,多头出场,2024-10-08 04:00,平多,143.96,66.693,9999.94842,-408.62,-4.08,159.06,1.59,-434.5,-4.34,99131.45,991.31
139,多头进场,2024-10-07 08:00,开多,149.94,66.693,9999.94842,-408.62,-4.08,159.06,1.59,-434.5,-4.34,99131.45,991.31
140,空头出场,2024-10-11 20:00,平空-EMA,144.41,71.772,9999.99276,-374.78,-3.75,268.45,2.68,-449.27,-4.49,98756.66,987.57
140,空头进场,2024-10-10 04:00,开空,139.33,71.772,9999.99276,-374.78,-3.75,268.45,2.68,-449.27,-4.49,98756.66,987.57
141,多头出场,2024-11-01 20:00,平多,164.09,65.569,9999.92819,748.91,7.49,2019.12,20.18,-323.01,-3.23,99505.58,995.06
141,多头进场,2024-10-14 08:00,开多,152.51,65.569,9999.92819,748.91,7.49,2019.12,20.18,-323.01,-3.23,99505.58,995.06
142,空头出场,2024-11-05 20:00,平空-EMA,165.94,62.503,9999.85497,-382.08,-3.82,300.01,3.00,-501.9,-5.02,99123.5,991.24
142,空头进场,2024-11-03 20:00,开空,159.99,62.503,9999.85497,-382.08,-3.82,300.01,3.00,-501.9,-5.02,99123.5,991.24
143,多头出场,2024-12-02 08:00,平多,228.47,54.071,9999.89074,2342.53,23.41,4290.94,42.89,-266.16,-2.66,101466.03,1014.66
143,多头进场,2024-11-06 08:00,开多,184.94,54.071,9999.89074,2342.53,23.41,4290.94,42.89,-266.16,-2.66,101466.03,1014.66
144,空头出场,2024-12-12 08:00,平空-EMA,230.36,45.055,9999.95725,-389.1,-3.89,848.79,8.48,-456.45,-4.56,101076.93,1010.77
144,空头进场,2024-12-10 00:00,开空,221.95,45.055,9999.95725,-389.1,-3.89,848.79,8.48,-456.45,-4.56,101076.93,1010.77
145,空头出场,2024-12-18 00:00,平空-EMA,227.45,45.865,9999.94595,-442.26,-4.42,300.92,3.01,-505.85,-5.06,100634.66,1006.35
145,空头进场,2024-12-15 00:00,开空,218.03,45.865,9999.94595,-442.26,-4.42,300.92,3.01,-505.85,-5.06,100634.66,1006.35
146,空头出场,2024-12-20 16:00,平空-止盈,176.01,46.315,9999.87165,1838.89,18.38,1877.7,18.77,-145.33,-1.45,102473.56,1024.74
146,空头进场,2024-12-18 12:00,开空,215.91,46.315,9999.87165,1838.89,18.38,1877.7,18.77,-145.33,-1.45,102473.56,1024.74
147,多头出场,2025-01-08 00:00,平多,204.56,47.959,9999.93109,-199.34,-1.99,698.56,6.98,-244.32,-2.44,102274.21,1022.74
147,多头进场,2025-01-02 16:00,开多,208.51,47.959,9999.93109,-199.34,-1.99,698.56,6.98,-244.32,-2.44,102274.21,1022.74
148,空头出场,2025-01-13 16:00,平空-止盈,175.41,50.334,9999.85578,1161.35,11.61,1174.83,11.74,-50.3,-0.50,103435.57,1034.36
148,空头进场,2025-01-08 08:00,开空,198.67,50.334,9999.85578,1161.35,11.61,1174.83,11.74,-50.3,-0.50,103435.57,1034.36
149,多头出场,2025-01-27 12:00,平多,227.53,48.576,9999.85536,1042.12,10.42,4365.38,43.63,-363.98,-3.64,104477.69,1044.78
149,多头进场,2025-01-16 04:00,开多,205.86,48.576,9999.85536,1042.12,10.42,4365.38,43.63,-363.98,-3.64,104477.69,1044.78
150,空头出场,2025-02-17 12:00,平空-止盈,181.35,45.095,9999.81625,1812.75,18.12,2063.06,20.62,-5.45,-0.05,106290.44,1062.90
150,空头进场,2025-02-02 00:00,开空,221.75,45.095,9999.81625,1812.75,18.12,2063.06,20.62,-5.45,-0.05,106290.44,1062.90
151,多头出场,2025-03-03 12:00,平多,162.26,55.956,9999.89676,-930.02,-9.30,37.53,0.38,-1063.13,-10.63,105360.41,1053.60
151,多头进场,2025-03-03 04:00,开多,178.71,55.956,9999.89676,-930.02,-9.30,37.53,0.38,-1063.13,-10.63,105360.41,1053.60
152,空头出场,2025-03-10 04:00,平空-止盈,126.51,70.487,9999.99069,1073.22,10.73,1155.22,11.55,-782.47,-7.82,106433.64,1064.34
152,空头进场,2025-03-04 00:00,开空,141.87,70.487,9999.99069,1073.22,10.73,1155.22,11.55,-782.47,-7.82,106433.64,1064.34
153,多头出场,2025-03-28 08:00,平多,136.78,69.73,9999.9793,-472.08,-4.72,278.8,2.79,-547.5,-5.47,105961.56,1059.62
153,多头进场,2025-03-24 16:00,开多,143.41,69.73,9999.9793,-472.08,-4.72,278.8,2.79,-547.5,-5.47,105961.56,1059.62
154,空头出场,2025-04-07 00:00,平空-止盈,108.07,75.976,9999.96112,1780.13,17.79,1920.23,19.19,-353.73,-3.54,107741.69,1077.42
154,空头进场,2025-03-28 12:00,开空,131.62,75.976,9999.96112,1780.13,17.79,1920.23,19.19,-353.73,-3.54,107741.69,1077.42
155,多头出场,2025-05-06 16:00,平多,142.57,76.645,9999.87315,916.94,9.16,2028.39,20.27,-539.98,-5.40,108658.63,1086.59
155,多头进场,2025-04-12 20:00,开多,130.47,76.645,9999.87315,916.94,9.16,2028.39,20.27,-539.98,-5.40,108658.63,1086.59
156,多头出场,2025-05-19 12:00,平多,161.89,67.755,9999.96045,958.41,9.58,2521.58,25.20,-202.17,-2.02,109617.05,1096.17
156,多头进场,2025-05-07 16:00,开多,147.59,67.755,9999.96045,958.41,9.58,2521.58,25.20,-202.17,-2.02,109617.05,1096.17
157,多头出场,2025-05-29 00:00,平多,169.42,58.833,9999.84501,-42.34,-0.42,1038.7,10.38,-267.4,-2.67,109574.7,1095.75
157,多头进场,2025-05-21 08:00,开多,169.97,58.833,9999.84501,-42.34,-0.42,1038.7,10.38,-267.4,-2.67,109574.7,1095.75
158,空头出场,2025-06-06 04:00,平空-止盈,144.29,61.47,9999.9396,1121,11.20,1295.09,12.94,-95.98,-0.96,110695.7,1106.96
158,空头进场,2025-05-30 12:00,开空,162.68,61.47,9999.9396,1121,11.20,1295.09,12.94,-95.98,-0.96,110695.7,1106.96
159,多头出场,2025-06-12 12:00,平多,158.8,60.562,9999.99744,-392.56,-3.92,191.22,1.91,-419.24,-4.19,110303.14,1103.03
159,多头进场,2025-06-11 04:00,开多,165.12,60.562,9999.99744,-392.56,-3.92,191.22,1.91,-419.24,-4.19,110303.14,1103.03
160,空头出场,2025-06-16 12:00,平空-EMA,157.28,65.651,9999.96032,-335.79,-3.36,790.03,7.90,-374.62,-3.74,109967.35,1099.67
160,空头进场,2025-06-13 04:00,开空,152.32,65.651,9999.96032,-335.79,-3.36,790.03,7.90,-374.62,-3.74,109967.35,1099.67
161,空头出场,2025-06-22 16:00,平空-止盈,133.25,67.741,9999.92642,963.93,9.63,1127.63,11.27,-192.64,-1.93,110931.27,1109.31
161,空头进场,2025-06-17 20:00,开空,147.62,67.741,9999.92642,963.93,9.63,1127.63,11.27,-192.64,-1.93,110931.27,1109.31
162,多头出场,2025-07-01 20:00,平多,147.22,65.928,9999.95904,-303.89,-3.04,542.86,5.43,-363.65,-3.63,110627.38,1106.27
162,多头进场,2025-06-29 16:00,开多,151.68,65.928,9999.95904,-303.89,-3.04,542.86,5.43,-363.65,-3.63,110627.38,1106.27
163,多头出场,2025-07-04 20:00,平多,146.57,65.35,9999.857,-431.3,-4.31,212.62,2.13,-444.81,-4.45,110196.09,1101.96
163,多头进场,2025-07-03 00:00,开多,153.02,65.35,9999.857,-431.3,-4.31,212.62,2.13,-444.81,-4.45,110196.09,1101.96
164,多头出场,2025-07-08 04:00,平多,148.88,65.625,9999.9375,-239.57,-2.39,75.06,0.75,-312.12,-3.12,109956.52,1099.57
164,多头进场,2025-07-07 12:00,开多,152.38,65.625,9999.9375,-239.57,-2.39,75.06,0.75,-312.12,-3.12,109956.52,1099.57
165,多头出场,2025-07-30 16:00,平多,177.3,65.355,9999.96855,1576.68,15.76,3477.77,34.76,-49.44,-0.49,111533.19,1115.33
165,多头进场,2025-07-09 12:00,开多,153.01,65.355,9999.96855,1576.68,15.76,3477.77,34.76,-49.44,-0.49,111533.19,1115.33
166,空头出场,2025-08-07 16:00,平空-EMA,172.82,58.431,9999.88134,-108.21,-1.08,889.58,8.89,-142.31,-1.42,111424.98,1114.25
166,空头进场,2025-08-01 08:00,开空,171.14,58.431,9999.88134,-108.21,-1.08,889.58,8.89,-142.31,-1.42,111424.98,1114.25
167,多头出场,2025-08-18 12:00,平多,180.62,56.29,9999.9185,157.1,1.57,1808.1,18.07,-242.54,-2.42,111582.08,1115.82
167,多头进场,2025-08-08 16:00,开多,177.65,56.29,9999.9185,157.1,1.57,1808.1,18.07,-242.54,-2.42,111582.08,1115.82
168,多头出场,2025-08-26 04:00,平多,187.2,51.687,9999.88389,-333.92,-3.34,1035.46,10.35,-425.73,-4.26,111248.16,1112.48
168,多头进场,2025-08-22 20:00,开多,193.47,51.687,9999.88389,-333.92,-3.34,1035.46,10.35,-425.73,-4.26,111248.16,1112.48
169,多头出场,2025-09-22 12:00,平多,221.88,50.65,9999.8295,1227.77,12.27,2835.45,28.34,-189.87,-1.90,112475.94,1124.76
169,多头进场,2025-08-27 00:00,开多,197.43,50.65,9999.8295,1227.77,12.27,2835.45,28.34,-189.87,-1.90,112475.94,1124.76
170,空头出场,2025-09-26 04:00,平空-止盈,192.74,46.061,9999.8431,1112.61,11.12,1182.45,11.82,-217.34,-2.17,113588.54,1135.89
170,空头进场,2025-09-23 00:00,开空,217.1,46.061,9999.8431,1112.61,11.12,1182.45,11.82,-217.34,-2.17,113588.54,1135.89
171,多头出场,2025-10-08 00:00,平多,221.69,44.682,9999.8316,-104.23,-1.04,620.1,6.20,-143.07,-1.43,113484.31,1134.84
171,多头进场,2025-10-02 08:00,开多,223.8,44.682,9999.8316,-104.23,-1.04,620.1,6.20,-143.07,-1.43,113484.31,1134.84
172,空头出场,2025-10-12 00:00,平空-止盈,177.57,47.46,9999.822,1563.14,15.62,1984.05,19.83,-117.01,-1.17,115047.45,1150.47
172,空头进场,2025-10-10 20:00,开空,210.7,47.46,9999.822,1563.14,15.62,1984.05,19.83,-117.01,-1.17,115047.45,1150.47
173,多头出场,2025-10-29 00:00,平多,195.35,48.94,9999.9102,-449.26,-4.49,43.94,0.44,-487.06,-4.87,114598.19,1145.98
173,多头进场,2025-10-27 08:00,开多,204.33,48.94,9999.9102,-449.26,-4.49,43.94,0.44,-487.06,-4.87,114598.19,1145.98
174,空头出场,2025-11-03 20:00,平空-止盈,166.79,54.048,9999.96096,975.79,9.75,1077.04,10.77,-288.21,-2.88,115573.97,1155.74
174,空头进场,2025-10-30 20:00,开空,185.02,54.048,9999.96096,975.79,9.75,1077.04,10.77,-288.21,-2.88,115573.97,1155.74